Florida Player 1,Florida Player 2,Florida Player 3,Florida Player 4,Florida Player 5,Unnamed: 0,Start Time,Finish Time,Florida Bigs,Opponent Bigs,Florida Starting Score,Florida Ending Score,Opponent Starting Score,Opponent Ending Score,Florida 2PFGM,Florida 2PFGA,Florida PFGM,Florida PFGA,Florida 3PFGM,Florida 3PFGA,Florida FTM,Florida FTA,Florida TO,Florida ORB,Florida DRB,Florida PF,Florida BLK,Opponent 2PFGM,Opponent 2PFGA,Opponent PFGM,Opponent PFGA,Opponent 3PFGM,Opponent 3PFGA,Opponent FTM,Opponent FTA,Opponent TO,Opponent ORB,Opponent DRB,Opponent PF,Opponent BLK,fl_pts,opp_pts,pt_diff,minutes,fl_poss,opp_poss,off_rat,def_rat,net_rat,fl_pace,opp_pace,fl_fga,fl_fgm,fl_fgp,fl_2fgp,fl_pfgp,fl_3fgp,fl_2fgr,fl_pfgr,fl_3pfgr,fl_ftr,opp_fga,opp_fgm,opp_fgp,opp_2fgp,opp_pfgp,opp_3fgp,opp_2pfgr,opp_pfgr,opp_3pfgr,opp_ftr,fl_drebr,fl_orebr,opp_drebr,opp_orebr,fl_tor,opp_tor,fl_blkr,opp_blkr
Andrew Fava,Chase Johnson,Chris Chiozza,Dontay Bassett,KeVaughn Allen,17,103,44,1,0,58,58,33,36,0,0,0,0,0,1,0,0,1,0,1,3,0,1,1,0,0,0,0,1,2,0,0,1,0,0,0,3,-3,0.9833333333333333,2.0,1.95,0.0,153.84615384615387,-153.84615384615387,81.35593220338983,79.32203389830508,1,0,0.0,,,0.0,0.0,0.0,0.5,0.0,1,1,1.0,1.0,,,0.5128205128205129,0.0,0.0,1.0256410256410258,2.0,0.0,1.0,0.0,0.5,0.0,0.0,0.0
Andrew Fava,Chase Johnson,Deaundrae Ballard,Mak Krause,Mike Okauru,170,707,492,0,0,420,423,291,309,1,5,0,1,0,0,1,2,3,2,1,4,1,3,3,0,1,2,2,6,8,0,1,3,1,1,3,18,-15,3.583333333333333,6.949999999999999,7.8,43.16546762589928,230.7692307692308,-187.60376314333152,77.58139534883722,87.06976744186048,6,1,0.16666666666666666,0.2,0.0,,0.7194244604316548,0.14388489208633096,0.0,0.2877697841726619,6,5,0.8333333333333334,1.0,0.0,1.0,0.38461538461538464,0.12820512820512822,0.25641025641025644,1.0256410256410258,0.5,0.36363636363636365,0.5454545454545454,0.5,0.43165467625899284,0.0,0.12820512820512822,0.14388489208633096
Chase Johnson,Chris Chiozza,Deaundrae Ballard,Jalen Hudson,Keith Stone,36,779,722,0,1,44,44,38,40,0,1,0,0,0,1,0,0,0,0,1,1,0,1,2,0,0,0,0,0,0,0,0,2,0,0,0,2,-2,0.95,2.0,2.0,0.0,100.0,-100.0,84.21052631578947,84.21052631578947,2,0,0.0,0.0,,0.0,0.5,0.0,0.5,0.0,2,1,0.5,0.5,,,1.0,0.0,0.0,0.0,1.0,0.0,1.0,0.0,0.0,0.0,0.0,0.0
Chase Johnson,Chris Chiozza,Deaundrae Ballard,Jalen Hudson,Kevarrius Hayes,69,1558,1558,2,2,88,88,76,76,0,0,0,0,0,0,0,0,0,0,0,0,0,0,0,0,0,0,0,0,0,0,0,0,0,0,0,0,0,0.0,0.0,0.0,,,,,,0,0,,,,,,,,,0,0,,,,,,,,,,,,,,,,
Chase Johnson,Chris Chiozza,Dontay Bassett,Jalen Hudson,Mike Okauru,65,1281,1078,2,2,173,186,113,116,3,3,0,0,1,2,4,4,0,1,3,1,0,0,1,0,0,0,2,3,3,1,0,0,3,0,13,3,10,3.3833333333333337,5.9,5.425,220.33898305084745,55.29953917050692,165.0394438803405,69.75369458128078,64.13793103448275,5,4,0.8,1.0,,0.5,0.5084745762711864,0.0,0.3389830508474576,0.6779661016949152,3,0,0.0,0.0,,0.0,0.18433179723502305,0.0,0.3686635944700461,0.5529953917050692,1.0,1.0,0.0,0.0,0.0,0.18433179723502305,0.0,0.0
Chase Johnson,Chris Chiozza,Gorjok Gak,Jalen Hudson,KeVaughn Allen,39,1292,1230,3,1,60,61,52,54,0,0,0,0,0,0,1,2,0,0,0,1,0,1,2,0,0,0,0,0,0,0,1,1,1,0,1,2,-1,1.0333333333333334,0.95,1.0,105.26315789473684,200.0,-94.73684210526316,36.77419354838709,38.70967741935483,0,0,,,,,0.0,0.0,0.0,2.1052631578947367,2,1,0.5,0.5,,,2.0,0.0,0.0,0.0,0.0,0.0,2.0,1.0,0.0,0.0,0.0,0.0
Chase Johnson,Deaundrae Ballard,Dontay Bassett,Gorjok Gak,Mike Okauru,73,818,678,4,2,192,195,126,131,1,2,0,0,0,0,1,2,2,0,2,4,0,0,1,0,0,1,1,2,3,1,0,2,1,0,3,5,-2,2.3333333333333335,4.95,4.425,60.60606060606061,112.99435028248588,-52.38828967642527,84.85714285714286,75.85714285714285,2,1,0.5,0.5,,,0.40404040404040403,0.0,0.0,0.40404040404040403,2,1,0.5,0.0,,1.0,0.22598870056497175,0.0,0.22598870056497175,0.6779661016949153,1.3333333333333333,0.0,1.3333333333333333,0.0,0.40404040404040403,0.22598870056497175,0.0,0.0
Chase Johnson,Deaundrae Ballard,Gorjok Gak,Jalen Hudson,Mike Okauru,31,776,768,2,0,43,44,36,36,0,0,0,0,0,0,1,1,0,0,1,0,0,0,1,0,0,0,0,0,0,0,0,0,1,0,1,0,1,0.13333333333333333,0.475,1.0,210.52631578947367,0.0,210.52631578947367,142.5,300.0,0,0,,,,,0.0,0.0,0.0,2.1052631578947367,1,0,0.0,0.0,,,1.0,0.0,0.0,0.0,1.0,,,0.0,0.0,0.0,0.0,0.0
Chase Johnson,Deaundrae Ballard,Gorjok Gak,Mak Krause,Mike Okauru,117,824,739,3,2,301,307,205,206,3,3,0,0,0,0,0,0,0,0,2,1,1,0,0,0,1,0,1,1,2,0,0,0,0,0,6,1,5,1.4166666666666665,3.0,1.9500000000000002,200.0,51.28205128205128,148.71794871794873,84.70588235294117,55.058823529411775,3,3,1.0,1.0,,,1.0,0.0,0.0,0.0,2,0,0.0,,0.0,0.0,0.0,0.5128205128205128,0.5128205128205128,1.0256410256410255,0.8,,,0.0,0.0,0.0,0.5128205128205128,0.0
Chris Chiozza,Deaundrae Ballard,Dontay Bassett,Egor Koulechov,KeVaughn Allen,9,1951,1932,2,2,0,0,12,12,0,0,0,0,0,0,0,0,1,0,0,0,0,0,0,0,0,0,0,0,0,1,0,0,0,0,0,0,0,0.31666666666666665,1.0,1.0,0.0,0.0,0.0,126.31578947368422,126.31578947368422,0,0,,,,,0.0,0.0,0.0,0.0,0,0,,,,,0.0,0.0,0.0,0.0,,,,,1.0,1.0,0.0,0.0
Chris Chiozza,Deaundrae Ballard,Dontay Bassett,Egor Koulechov,Mike Okauru,172,4088,3958,6,6,183,186,132,134,1,3,0,1,0,0,1,1,1,1,0,3,0,0,1,0,0,0,0,2,2,2,1,2,1,1,3,2,1,2.1666666666666665,3.475,2.95,86.33093525179856,67.79661016949152,18.53432508230705,64.15384615384616,54.461538461538474,4,1,0.25,0.3333333333333333,0.0,,0.8633093525179856,0.28776978417266186,0.0,0.28776978417266186,1,0,0.0,0.0,,,0.3389830508474576,0.0,0.0,0.6779661016949152,0.0,0.3333333333333333,0.6666666666666666,1.0,0.28776978417266186,0.6779661016949152,0.0,0.28776978417266186
Chris Chiozza,Deaundrae Ballard,Dontay Bassett,Jalen Hudson,Keith Stone,47,3254,3093,5,2,72,76,43,47,1,2,0,0,0,1,2,2,0,0,1,2,1,2,3,0,0,0,1,0,0,1,1,2,1,0,4,4,0,2.6833333333333336,3.95,4.0,101.26582278481011,100.0,1.265822784810112,58.88198757763975,59.62732919254658,3,1,0.3333333333333333,0.5,,0.0,0.5063291139240506,0.0,0.2531645569620253,0.5063291139240506,4,2,0.5,0.6666666666666666,,0.0,0.75,0.0,0.25,0.0,0.5,0.0,1.0,0.5,0.0,0.25,0.25,0.0
Chris Chiozza,Deaundrae Ballard,Dontay Bassett,KeVaughn Allen,Keith Stone,26,923,908,1,1,73,73,50,51,0,0,0,0,0,0,0,1,0,0,0,1,0,0,0,0,0,0,0,1,1,0,0,1,0,0,0,1,-1,0.25,0.475,0.475,0.0,210.52631578947367,-210.52631578947367,76.0,76.0,0,0,,,,,0.0,0.0,0.0,2.1052631578947367,0,0,,,,,0.0,0.0,0.0,2.1052631578947367,,0.0,2.0,,0.0,0.0,0.0,0.0
Chris Chiozza,Deaundrae Ballard,Dontay Bassett,Keith Stone,Mike Okauru,66,2788,2593,4,1,55,58,89,91,1,3,0,0,0,0,1,2,0,1,2,1,0,0,2,0,0,0,0,2,2,1,0,2,2,0,3,2,1,3.25,2.95,3.95,101.69491525423729,50.632911392405056,51.06200386183223,36.307692307692314,48.61538461538462,3,1,0.3333333333333333,0.3333333333333333,,,1.0169491525423728,0.0,0.0,0.6779661016949152,2,0,0.0,0.0,,,0.5063291139240506,0.0,0.0,0.5063291139240506,1.0,0.4,0.8,0.0,0.0,0.2531645569620253,0.0,0.0
Chris Chiozza,Deaundrae Ballard,Egor Koulechov,Gorjok Gak,Jalen Hudson,196,5929,5458,10,6,314,324,294,307,1,1,0,1,2,8,2,4,2,1,6,4,0,5,7,0,0,1,3,0,4,0,0,7,3,1,10,13,-3,7.8500000000000005,11.899999999999999,11.899999999999999,84.03361344537817,109.2436974789916,-25.21008403361344,60.63694267515922,60.63694267515922,10,3,0.3,1.0,0.0,0.25,0.08403361344537816,0.08403361344537816,0.6722689075630253,0.33613445378151263,10,6,0.6,0.7142857142857143,,0.3333333333333333,0.5882352941176471,0.0,0.2521008403361345,0.33613445378151263,1.0,0.125,0.875,0.0,0.16806722689075632,0.0,0.0,0.08403361344537816
Chris Chiozza,Deaundrae Ballard,Egor Koulechov,Gorjok Gak,KeVaughn Allen,344,13280,12471,18,16,585,607,442,470,10,16,0,0,0,4,2,2,4,1,7,6,2,8,14,0,1,3,3,3,6,5,1,9,5,0,22,28,-6,13.483333333333334,23.95,23.85,91.8580375782881,117.40041928721175,-25.542381708923642,71.05067985166872,70.7540173053152,20,10,0.5,0.625,,0.0,0.6680584551148225,0.0,0.16701461377870563,0.08350730688935282,18,11,0.6111111111111112,0.5714285714285714,0.0,1.0,0.5870020964360587,0.04192872117400419,0.12578616352201258,0.25157232704402516,0.8235294117647058,0.1,0.9,0.11764705882352941,0.16701461377870563,0.20964360587002095,0.08385744234800838,0.0
Chris Chiozza,Deaundrae Ballard,Egor Koulechov,Gorjok Gak,Keith Stone,3,2050,1958,2,1,8,8,10,13,0,1,0,0,0,1,0,0,2,1,1,0,0,0,0,0,0,1,2,0,0,0,0,1,1,0,0,3,-3,1.5333333333333332,3.0,2.0,0.0,150.0,-150.0,78.2608695652174,52.173913043478265,2,0,0.0,0.0,,0.0,0.3333333333333333,0.0,0.3333333333333333,0.0,2,1,0.5,,,0.5,0.0,0.0,1.0,0.0,1.0,0.5,0.5,0.0,0.6666666666666666,0.0,0.0,0.0
Chris Chiozza,Deaundrae Ballard,Egor Koulechov,Gorjok Gak,Mike Okauru,9,1912,1745,2,0,12,14,0,5,1,1,0,0,0,3,0,0,2,2,2,0,0,1,2,0,0,1,2,0,0,0,0,1,0,0,2,5,-3,2.783333333333333,4.0,4.0,50.0,125.0,-75.0,57.48502994011976,57.48502994011976,4,1,0.25,1.0,,0.0,0.25,0.0,0.75,0.0,4,2,0.5,0.5,,0.5,0.5,0.0,0.5,0.0,1.0,0.6666666666666666,0.3333333333333333,0.0,0.5,0.0,0.0,0.0
Chris Chiozza,Deaundrae Ballard,Egor Koulechov,Jalen Hudson,KeVaughn Allen,37,722,722,0,1,44,44,40,40,0,0,0,0,0,0,0,0,0,0,0,0,0,0,0,0,0,0,0,0,0,0,0,0,0,0,0,0,0,0.0,0.0,0.0,,,,,,0,0,,,,,,,,,0,0,,,,,,,,,,,,,,,,
Chris Chiozza,Deaundrae Ballard,Egor Koulechov,Jalen Hudson,Keith Stone,37,676,664,0,0,45,46,51,51,0,0,0,0,0,0,1,2,0,0,0,0,0,0,0,0,0,0,0,0,0,0,0,0,1,0,1,0,1,0.2,0.95,0.0,105.26315789473684,,,189.99999999999997,0.0,0,0,,,,,0.0,0.0,0.0,2.1052631578947367,0,0,,,,,,,,,,0.0,0.0,,0.0,,,0.0
Chris Chiozza,Deaundrae Ballard,Egor Koulechov,Jalen Hudson,Kevarrius Hayes,160,5120,4752,8,6,242,252,273,288,1,6,0,0,2,3,2,2,1,1,2,2,1,3,3,0,1,2,3,3,4,3,1,5,2,1,10,15,-5,6.133333333333333,9.95,9.9,100.50251256281409,151.5151515151515,-51.01263895233741,64.89130434782608,64.56521739130436,9,3,0.3333333333333333,0.16666666666666666,,0.6666666666666666,0.6030150753768845,0.0,0.30150753768844224,0.20100502512562815,7,5,0.7142857142857143,1.0,0.0,0.6666666666666666,0.30303030303030304,0.10101010101010101,0.30303030303030304,0.40404040404040403,0.8,0.16666666666666666,0.8333333333333334,0.4,0.10050251256281408,0.30303030303030304,0.10101010101010101,0.10050251256281408
Chris Chiozza,Deaundrae Ballard,Egor Koulechov,KeVaughn Allen,Keith Stone,26,1017,967,0,1,38,40,34,35,1,2,0,0,0,0,0,0,0,0,1,1,0,0,0,0,0,0,1,1,2,0,0,1,0,0,2,1,1,0.8333333333333334,2.0,1.95,100.0,51.28205128205129,48.71794871794871,96.0,93.6,2,1,0.5,0.5,,,1.0,0.0,0.0,0.0,1,0,0.0,,,0.0,0.0,0.0,0.5128205128205129,1.0256410256410258,0.6666666666666666,0.0,1.0,0.0,0.0,0.0,0.0,0.0
Chris Chiozza,Deaundrae Ballard,Egor Koulechov,KeVaughn Allen,Kevarrius Hayes,344,13339,12099,22,11,473,492,432,467,6,15,0,3,0,8,7,9,10,6,10,7,1,12,21,0,1,2,7,5,6,9,5,15,8,5,19,35,-16,20.666666666666668,31.275000000000002,34.85,60.75139888089528,100.43041606886656,-39.67901718797128,60.532258064516135,67.45161290322581,26,6,0.23076923076923078,0.4,0.0,0.0,0.4796163069544364,0.09592326139088729,0.2557953637090328,0.28776978417266186,29,14,0.4827586206896552,0.5714285714285714,0.0,0.2857142857142857,0.6025824964131994,0.028694404591104734,0.20086083213773315,0.1721664275466284,0.6451612903225806,0.2857142857142857,0.7142857142857143,0.3225806451612903,0.31974420463629094,0.2582496413199426,0.028694404591104734,0.15987210231814547
Chris Chiozza,Deaundrae Ballard,Egor Koulechov,Keith Stone,Kevarrius Hayes,312,4141,3540,9,7,436,457,470,482,4,6,0,0,3,7,4,4,2,4,5,3,4,6,15,0,4,0,0,0,1,2,9,2,2,0,21,12,9,10.016666666666667,12.9,8.475,162.7906976744186,141.5929203539823,21.197777320436302,51.51414309484193,33.843594009983356,13,7,0.5384615384615384,0.6666666666666666,,0.42857142857142855,0.46511627906976744,0.0,0.5426356589147286,0.31007751937984496,19,6,0.3157894736842105,0.4,0.0,,1.7699115044247788,0.471976401179941,0.0,0.11799410029498525,0.37037037037037035,0.6666666666666666,0.3333333333333333,0.6666666666666666,0.15503875968992248,0.2359882005899705,0.471976401179941,0.0
Chris Chiozza,Deaundrae Ballard,Gorjok Gak,Jalen Hudson,KeVaughn Allen,12,495,466,1,0,15,17,27,27,1,1,0,0,0,0,0,0,0,0,0,1,0,0,0,0,0,0,0,0,0,1,0,0,0,0,2,0,2,0.48333333333333334,1.0,1.0,200.0,0.0,200.0,82.75862068965517,82.75862068965517,1,1,1.0,1.0,,,1.0,0.0,0.0,0.0,0,0,,,,,0.0,0.0,0.0,0.0,,,,,0.0,1.0,0.0,0.0
Chris Chiozza,Deaundrae Ballard,Gorjok Gak,Jalen Hudson,Keith Stone,55,3284,2991,6,1,100,107,90,92,2,5,0,0,1,2,0,0,0,1,5,2,0,1,4,0,0,0,4,0,2,2,3,3,3,0,7,2,5,4.883333333333334,6.0,7.949999999999999,116.66666666666667,25.157232704402517,91.50943396226415,49.14675767918088,65.11945392491467,7,3,0.42857142857142855,0.4,,0.5,0.8333333333333334,0.0,0.3333333333333333,0.0,8,1,0.125,0.25,,0.0,0.5031446540880503,0.0,0.5031446540880503,0.25157232704402516,0.625,0.25,0.75,0.375,0.0,0.25157232704402516,0.0,0.0
Chris Chiozza,Deaundrae Ballard,Gorjok Gak,Jalen Hudson,Kevarrius Hayes,65,1587,1558,4,2,85,87,76,76,0,0,0,0,0,0,2,2,0,0,1,0,0,0,1,0,0,0,0,0,0,0,0,0,1,0,2,0,2,0.48333333333333334,0.95,1.0,210.52631578947367,0.0,210.52631578947367,78.62068965517241,82.75862068965517,0,0,,,,,0.0,0.0,0.0,2.1052631578947367,1,0,0.0,0.0,,,1.0,0.0,0.0,0.0,1.0,,,0.0,0.0,0.0,0.0,0.0
Chris Chiozza,Deaundrae Ballard,Gorjok Gak,KeVaughn Allen,Keith Stone,101,6306,5888,9,3,174,191,138,145,1,4,0,1,4,7,3,3,0,2,5,0,1,2,4,0,1,1,3,0,0,3,0,5,8,1,17,7,10,6.966666666666667,10.425,10.0,163.06954436450837,70.0,93.06954436450837,59.856459330143544,57.41626794258373,12,5,0.4166666666666667,0.25,0.0,0.5714285714285714,0.38369304556354916,0.09592326139088729,0.671462829736211,0.28776978417266186,8,3,0.375,0.5,0.0,0.3333333333333333,0.4,0.1,0.3,0.0,1.0,0.2857142857142857,0.7142857142857143,0.0,0.0,0.3,0.1,0.09592326139088729
Chris Chiozza,Deaundrae Ballard,Gorjok Gak,Keith Stone,Mike Okauru,85,2886,2694,4,1,131,136,108,112,2,2,0,0,0,1,1,1,2,1,1,0,0,2,3,0,0,0,1,0,0,0,1,0,3,0,5,4,1,3.2,4.475,3.0,111.731843575419,133.33333333333331,-21.601489757914308,55.93749999999999,37.5,3,2,0.6666666666666666,1.0,,0.0,0.446927374301676,0.0,0.223463687150838,0.223463687150838,4,2,0.5,0.6666666666666666,,0.0,1.0,0.0,0.3333333333333333,0.0,0.5,1.0,0.0,0.5,0.446927374301676,0.0,0.0,0.0
Chris Chiozza,Deaundrae Ballard,Jalen Hudson,KeVaughn Allen,Keith Stone,216,906,835,0,4,299,306,335,339,1,1,0,0,0,0,5,10,0,1,0,2,0,0,0,0,0,0,0,4,4,1,0,2,0,0,7,4,3,1.1833333333333333,4.75,2.9,147.36842105263156,137.93103448275863,9.437386569872928,160.56338028169012,98.0281690140845,1,1,1.0,1.0,,,0.21052631578947367,0.0,0.0,2.1052631578947367,0,0,,,,,0.0,0.0,0.0,1.3793103448275863,,0.4,0.8,,0.0,0.3448275862068966,0.0,0.0
Chris Chiozza,Deaundrae Ballard,Jalen Hudson,KeVaughn Allen,Kevarrius Hayes,78,2773,2627,6,5,100,106,164,166,1,3,0,0,1,2,1,2,1,2,2,1,0,1,4,0,0,0,0,0,0,1,1,1,1,0,6,2,4,2.4333333333333336,4.95,4.0,121.21212121212122,50.0,71.21212121212122,81.36986301369862,65.75342465753424,5,2,0.4,0.3333333333333333,,0.5,0.6060606060606061,0.0,0.40404040404040403,0.40404040404040403,4,1,0.25,0.25,,,1.0,0.0,0.0,0.0,0.6666666666666666,0.5714285714285714,0.2857142857142857,0.3333333333333333,0.20202020202020202,0.25,0.0,0.0
Chris Chiozza,Deaundrae Ballard,Jalen Hudson,KeVaughn Allen,Mike Okauru,364,328,314,0,6,512,520,584,590,2,2,0,0,0,0,4,4,0,0,0,4,0,0,0,0,0,0,0,6,6,2,0,0,2,0,8,6,2,0.23333333333333334,3.9000000000000004,4.85,205.1282051282051,123.71134020618557,81.41686492201954,668.5714285714287,831.4285714285713,2,2,1.0,1.0,,,0.5128205128205128,0.0,0.0,1.0256410256410255,0,0,,,,,0.0,0.0,0.0,1.2371134020618557,,,,,0.0,0.4123711340206186,0.0,0.0
Chris Chiozza,Deaundrae Ballard,Jalen Hudson,Keith Stone,Kevarrius Hayes,54,2064,1995,4,1,90,90,70,72,0,0,0,0,0,1,0,0,1,0,0,0,0,1,1,0,0,0,0,0,0,1,0,1,1,0,0,2,-2,1.15,2.0,2.0,0.0,100.0,-100.0,69.56521739130436,69.56521739130436,1,0,0.0,,,0.0,0.0,0.0,0.5,0.0,1,1,1.0,1.0,,,0.5,0.0,0.0,0.0,,0.0,1.0,,0.5,0.5,0.0,0.0
Chris Chiozza,Deaundrae Ballard,Jalen Hudson,Kevarrius Hayes,Mike Okauru,52,24,13,1,0,57,57,60,61,0,0,0,0,0,0,0,1,0,0,0,1,0,0,0,0,0,0,0,1,1,0,0,1,0,0,0,1,-1,0.18333333333333332,0.475,0.475,0.0,210.52631578947367,-210.52631578947367,103.63636363636363,103.63636363636363,0,0,,,,,0.0,0.0,0.0,2.1052631578947367,0,0,,,,,0.0,0.0,0.0,2.1052631578947367,,0.0,2.0,,0.0,0.0,0.0,0.0
Chris Chiozza,Deaundrae Ballard,KeVaughn Allen,Keith Stone,Kevarrius Hayes,310,8375,7900,10,8,381,391,400,414,3,8,0,0,1,6,1,1,0,3,5,4,0,4,7,0,0,1,5,3,5,2,3,7,2,0,10,14,-4,7.916666666666667,11.475,13.375,87.14596949891067,104.67289719626167,-17.526927697351,57.978947368421046,67.57894736842105,14,4,0.2857142857142857,0.375,,0.16666666666666666,0.6971677559912854,0.0,0.5228758169934641,0.08714596949891068,12,5,0.4166666666666667,0.5714285714285714,,0.2,0.5233644859813084,0.0,0.37383177570093457,0.37383177570093457,0.625,0.3,0.7,0.375,0.0,0.14953271028037382,0.0,0.0
Chris Chiozza,Deaundrae Ballard,Keith Stone,Kevarrius Hayes,Mike Okauru,71,1476,1364,2,0,92,98,85,88,0,1,0,0,2,2,0,0,1,0,3,0,0,0,3,0,0,1,1,0,0,0,0,1,0,0,6,3,3,1.8666666666666667,4.0,4.0,150.0,75.0,75.0,85.71428571428571,85.71428571428571,3,2,0.6666666666666666,0.0,,1.0,0.25,0.0,0.5,0.0,4,1,0.25,0.0,,1.0,0.75,0.0,0.25,0.0,1.0,0.0,1.0,0.0,0.25,0.0,0.0,0.0
Chris Chiozza,Dontay Bassett,Egor Koulechov,Jalen Hudson,KeVaughn Allen,346,10465,8929,17,8,541,584,447,476,12,27,0,1,6,17,1,4,3,10,15,4,3,8,20,0,2,3,15,4,5,10,12,17,8,1,43,29,14,25.6,38.9,35.375,110.53984575835476,81.97879858657244,28.56104717178232,60.78124999999999,55.2734375,45,18,0.4,0.4444444444444444,0.0,0.35294117647058826,0.6940874035989717,0.02570694087403599,0.4370179948586118,0.10282776349614396,37,11,0.2972972972972973,0.4,0.0,0.2,0.5653710247349824,0.05653710247349823,0.42402826855123676,0.1413427561837456,0.5660377358490566,0.3508771929824561,0.5964912280701754,0.4528301886792453,0.07712082262210797,0.2826855123674912,0.08480565371024736,0.02570694087403599
Chris Chiozza,Dontay Bassett,Egor Koulechov,Jalen Hudson,Keith Stone,131,887,757,3,1,145,147,93,95,1,4,0,0,0,0,0,0,0,1,2,1,0,1,2,0,0,0,1,0,0,0,0,2,0,0,2,2,0,2.1666666666666665,3.0,3.0,66.66666666666666,66.66666666666666,0.0,55.384615384615394,55.384615384615394,4,1,0.25,0.25,,,1.3333333333333333,0.0,0.0,0.0,3,1,0.3333333333333333,0.5,,0.0,0.6666666666666666,0.0,0.3333333333333333,0.0,1.0,0.3333333333333333,0.6666666666666666,0.0,0.0,0.0,0.0,0.0
Chris Chiozza,Dontay Bassett,Egor Koulechov,Jalen Hudson,Mike Okauru,120,3376,3258,5,3,147,151,114,114,1,2,0,0,0,0,2,3,0,0,3,0,0,0,3,0,0,0,0,0,0,1,0,2,2,0,4,0,4,1.9666666666666668,3.425,4.0,116.78832116788323,0.0,116.78832116788323,69.66101694915254,81.35593220338983,2,1,0.5,0.5,,,0.5839416058394161,0.0,0.0,0.8759124087591241,3,0,0.0,0.0,,,0.75,0.0,0.0,0.0,1.0,0.0,1.3333333333333333,0.0,0.0,0.25,0.0,0.0
Chris Chiozza,Dontay Bassett,Egor Koulechov,KeVaughn Allen,Keith Stone,214,5541,5260,9,7,253,256,259,264,1,2,0,2,0,3,1,2,0,2,2,0,1,2,3,0,0,0,0,1,2,2,0,4,2,2,3,5,-2,4.683333333333333,3.95,5.95,75.94936708860759,84.03361344537815,-8.084246356770564,33.73665480427047,50.8185053380783,7,1,0.14285714285714285,0.5,0.0,0.0,0.5063291139240506,0.5063291139240506,0.7594936708860759,0.5063291139240506,3,2,0.6666666666666666,0.6666666666666666,,,0.5042016806722689,0.0,0.0,0.3361344537815126,1.3333333333333333,0.3076923076923077,0.6153846153846154,0.0,0.0,0.3361344537815126,0.1680672268907563,0.5063291139240506
Chris Chiozza,Dontay Bassett,Egor Koulechov,KeVaughn Allen,Mike Okauru,115,3633,3249,7,6,239,242,197,211,0,2,0,0,1,3,0,0,4,0,4,1,3,4,5,0,3,2,5,0,0,0,3,4,1,0,3,14,-11,6.4,9.0,7.0,33.33333333333333,200.0,-166.66666666666669,56.25,43.75,5,1,0.2,0.0,,0.3333333333333333,0.2222222222222222,0.0,0.3333333333333333,0.0,13,6,0.46153846153846156,0.8,0.0,0.4,0.7142857142857143,0.42857142857142855,0.7142857142857143,0.0,0.5714285714285714,0.0,1.0,0.42857142857142855,0.4444444444444444,0.0,0.42857142857142855,0.0
Chris Chiozza,Dontay Bassett,Egor Koulechov,Keith Stone,Mike Okauru,55,542,476,2,0,58,60,32,32,1,1,0,0,0,0,0,0,0,0,1,0,1,0,1,0,0,0,1,0,0,1,1,0,0,0,2,0,2,1.1,1.0,2.0,200.0,0.0,200.0,36.36363636363636,72.72727272727272,1,1,1.0,1.0,,,1.0,0.0,0.0,0.0,2,0,0.0,0.0,,0.0,0.5,0.0,0.5,0.0,0.5,,,0.5,0.0,0.5,0.5,0.0
Chris Chiozza,Dontay Bassett,Gorjok Gak,KeVaughn Allen,Keith Stone,31,507,353,4,1,96,106,58,62,2,4,0,0,2,2,0,0,0,0,1,0,0,2,2,0,0,0,1,0,0,3,0,2,1,0,10,4,6,2.566666666666667,6.0,6.0,166.66666666666669,66.66666666666666,100.00000000000003,93.5064935064935,93.5064935064935,6,4,0.6666666666666666,0.5,,1.0,0.6666666666666666,0.0,0.3333333333333333,0.0,3,2,0.6666666666666666,1.0,,0.0,0.3333333333333333,0.0,0.16666666666666666,0.0,1.0,0.0,1.0,0.0,0.0,0.5,0.0,0.0
Chris Chiozza,Dontay Bassett,Gorjok Gak,KeVaughn Allen,Mike Okauru,14,305,257,2,1,45,48,29,29,0,0,0,0,1,2,0,0,0,1,1,1,0,0,0,0,0,0,1,0,0,0,0,0,0,0,3,0,3,0.8,1.0,1.0,300.0,0.0,300.0,50.0,50.0,2,1,0.5,,,0.5,0.0,0.0,2.0,0.0,1,0,0.0,,,0.0,0.0,0.0,1.0,0.0,1.0,1.0,0.0,0.0,0.0,0.0,0.0,0.0
Chris Chiozza,Dontay Bassett,Jalen Hudson,KeVaughn Allen,Keith Stone,216,3016,2739,9,3,322,332,320,330,1,4,0,0,1,5,5,7,0,1,5,2,3,4,7,0,2,0,1,2,2,1,1,8,2,0,10,10,0,4.616666666666667,11.325,8.95,88.30022075055189,111.731843575419,-23.43162282486712,98.12274368231046,77.5451263537906,9,2,0.2222222222222222,0.25,,0.2,0.35320088300220753,0.0,0.4415011037527594,0.6181015452538632,10,4,0.4,0.5714285714285714,0.0,0.0,0.782122905027933,0.223463687150838,0.111731843575419,0.223463687150838,0.8333333333333334,0.125,1.0,0.16666666666666666,0.0,0.111731843575419,0.335195530726257,0.0
Chris Chiozza,Egor Koulechev,Jalen Hudson,KeVaughn Allen,Keith Stone,3,4452,4050,0,0,13,27,5,12,3,5,0,0,2,5,2,2,2,1,4,1,1,2,5,0,0,1,3,0,0,6,1,4,1,0,14,7,7,6.7,11.95,13.0,117.15481171548119,53.84615384615385,63.30865786932734,71.34328358208955,77.61194029850746,10,5,0.5,0.6,,0.4,0.4184100418410042,0.0,0.4184100418410042,0.1673640167364017,8,3,0.375,0.4,,0.3333333333333333,0.38461538461538464,0.0,0.23076923076923078,0.0,0.8,0.2,0.8,0.2,0.1673640167364017,0.46153846153846156,0.07692307692307693,0.0
Chris Chiozza,Egor Koulechev,Jalen Hudson,Kevarrius Hayes,Keith Stone,2,4409,3838,0,2,8,24,5,15,2,6,0,1,4,6,0,0,3,2,8,1,3,2,7,0,1,2,7,0,0,3,3,5,3,1,16,10,6,9.516666666666666,13.0,14.0,123.07692307692308,71.42857142857143,51.64835164835165,54.64098073555167,58.84413309982487,13,6,0.46153846153846156,0.3333333333333333,0.0,0.6666666666666666,0.46153846153846156,0.07692307692307693,0.46153846153846156,0.0,15,4,0.26666666666666666,0.2857142857142857,0.0,0.2857142857142857,0.5,0.07142857142857142,0.5,0.0,0.7272727272727273,0.2857142857142857,0.7142857142857143,0.2727272727272727,0.23076923076923078,0.21428571428571427,0.21428571428571427,0.07692307692307693
Chris Chiozza,Egor Koulechev,Jalen Hudson,Mike Okauru,Dontay Bassett,3,3162,2864,2,1,20,30,6,10,2,5,0,1,2,4,0,0,0,2,3,0,0,2,3,0,0,0,2,0,0,4,0,4,2,1,10,4,6,4.966666666666667,7.0,9.0,142.85714285714286,44.44444444444444,98.41269841269842,56.375838926174495,72.48322147651007,10,4,0.4,0.4,0.0,0.5,0.7142857142857143,0.14285714285714285,0.5714285714285714,0.0,5,2,0.4,0.6666666666666666,,0.0,0.3333333333333333,0.0,0.2222222222222222,0.0,1.0,0.3333333333333333,0.6666666666666666,0.0,0.0,0.4444444444444444,0.0,0.14285714285714285
Chris Chiozza,Egor Koulechev,KeVaughn Allen,Kevarrius Hayes,Jalen Hudson,1,3278,2757,0,0,13,28,10,22,3,7,0,0,3,7,0,0,1,3,6,0,1,3,7,0,0,2,6,0,0,2,2,5,1,0,15,12,3,8.683333333333334,12.0,13.0,125.0,92.3076923076923,32.69230769230769,55.27831094049904,59.88483685220729,14,6,0.42857142857142855,0.42857142857142855,,0.42857142857142855,0.5833333333333334,0.0,0.5833333333333334,0.0,13,5,0.38461538461538464,0.42857142857142855,,0.3333333333333333,0.5384615384615384,0.0,0.46153846153846156,0.0,0.75,0.375,0.625,0.25,0.08333333333333333,0.15384615384615385,0.07692307692307693,0.0
Chris Chiozza,Egor Koulechev,KeVaughn Allen,Kevarrius Hayes,Keith Stone,2,10297,8883,0,1,15,59,14,53,10,18,0,2,6,15,6,6,6,8,13,3,4,11,22,0,3,5,8,2,2,5,4,11,7,2,44,39,5,23.566666666666663,33.85,31.95,129.98522895125552,122.06572769953053,7.919501251724995,57.45403111739747,54.229137199434234,35,16,0.45714285714285713,0.5555555555555556,0.0,0.4,0.5317577548005908,0.059084194977843424,0.44313146233382567,0.17725258493353027,33,16,0.48484848484848486,0.5,0.0,0.625,0.6885758998435055,0.09389671361502347,0.25039123630672927,0.06259780907668232,0.7647058823529411,0.42105263157894735,0.5789473684210527,0.23529411764705882,0.17725258493353027,0.1564945226917058,0.12519561815336464,0.059084194977843424
Chris Chiozza,Egor Koulechov,Gorjok Gak,Jalen Hudson,KeVaughn Allen,522,16477,15382,22,12,867,905,717,749,10,16,0,2,5,15,3,6,4,7,11,7,2,7,13,0,2,3,7,9,11,9,2,13,7,2,38,32,6,18.249999999999996,30.85000000000001,32.225,123.17666126418149,99.30178432893716,23.87487693524433,67.61643835616441,70.63013698630138,33,15,0.45454545454545453,0.625,0.0,0.3333333333333333,0.5186385737439221,0.06482982171799026,0.4862236628849269,0.19448946515397078,22,10,0.45454545454545453,0.5384615384615384,0.0,0.42857142857142855,0.40341349883630717,0.062063615205585725,0.21722265321955003,0.3413498836307215,0.8461538461538461,0.358974358974359,0.6666666666666666,0.15384615384615385,0.12965964343598052,0.27928626842513576,0.062063615205585725,0.06482982171799026
Chris Chiozza,Egor Koulechov,Gorjok Gak,Jalen Hudson,Keith Stone,122,7025,6328,10,4,218,238,200,219,2,3,0,0,5,12,1,1,4,2,10,3,1,4,11,0,1,3,8,2,3,2,3,6,4,0,20,19,1,11.616666666666667,17.475,19.425,114.4492131616595,97.8120978120978,16.637115349561697,60.17216642754663,66.88665710186514,15,7,0.4666666666666667,0.6666666666666666,,0.4166666666666667,0.17167381974248927,0.0,0.6866952789699571,0.05722460658082975,20,7,0.35,0.36363636363636365,0.0,0.375,0.5662805662805662,0.05148005148005148,0.4118404118404118,0.15444015444015444,0.7407407407407407,0.25,0.75,0.2222222222222222,0.228898426323319,0.10296010296010295,0.05148005148005148,0.0
Chris Chiozza,Egor Koulechov,Gorjok Gak,Jalen Hudson,Mike Okauru,152,4319,3867,6,3,228,241,205,221,3,6,0,1,2,6,1,1,1,1,3,5,0,3,6,0,0,1,3,7,9,3,3,7,1,1,13,16,-3,7.533333333333333,12.475,13.274999999999999,104.20841683366733,120.52730696798494,-16.318890134317613,66.23893805309734,70.48672566371681,13,5,0.38461538461538464,0.5,0.0,0.3333333333333333,0.4809619238476954,0.08016032064128256,0.4809619238476954,0.08016032064128256,9,4,0.4444444444444444,0.5,,0.3333333333333333,0.45197740112994356,0.0,0.22598870056497178,0.6779661016949153,0.5,0.125,0.875,0.5,0.08016032064128256,0.22598870056497178,0.0,0.08016032064128256
Chris Chiozza,Egor Koulechov,Gorjok Gak,KeVaughn Allen,Keith Stone,87,2915,2549,6,2,119,127,104,113,1,3,0,0,2,4,0,0,4,0,6,2,1,4,10,0,1,0,2,1,1,0,3,4,1,0,8,9,-1,6.1,11.0,9.475,72.72727272727273,94.9868073878628,-22.259534660590063,72.1311475409836,62.131147540983605,7,3,0.42857142857142855,0.3333333333333333,,0.5,0.2727272727272727,0.0,0.36363636363636365,0.0,13,4,0.3076923076923077,0.4,0.0,0.0,1.0554089709762533,0.10554089709762533,0.21108179419525067,0.10554089709762533,0.6666666666666666,0.0,1.0,0.3333333333333333,0.36363636363636365,0.0,0.10554089709762533,0.0
Chris Chiozza,Egor Koulechov,Gorjok Gak,KeVaughn Allen,Mike Okauru,53,1164,973,2,2,67,73,57,65,0,1,0,0,1,2,3,3,1,0,1,1,0,1,1,0,0,2,3,0,0,1,0,2,3,0,6,8,-2,3.1833333333333336,5.425,5.0,110.59907834101384,160.0,-49.400921658986164,68.1675392670157,62.82722513089005,3,1,0.3333333333333333,0.0,,0.5,0.18433179723502305,0.0,0.3686635944700461,0.5529953917050692,4,3,0.75,1.0,,0.6666666666666666,0.2,0.0,0.6,0.0,1.0,0.0,1.0,0.0,0.18433179723502305,0.2,0.0,0.0
Chris Chiozza,Egor Koulechov,Gorjok Gak,Keith Stone,Mike Okauru,39,282,249,2,0,70,70,52,55,0,0,0,0,0,1,0,0,1,1,0,1,0,0,0,0,0,0,0,3,4,0,0,0,0,0,0,3,-3,0.55,1.0,1.9,0.0,157.89473684210526,-157.89473684210526,72.72727272727272,138.18181818181816,1,0,0.0,,,0.0,0.0,0.0,1.0,0.0,0,0,,,,,0.0,0.0,0.0,2.1052631578947367,0.0,1.0,0.0,0.0,1.0,0.0,0.0,0.0
Chris Chiozza,Egor Koulechov,Jalen Hudson,KeVaughn Allen,Keith Stone,1818,19214,17682,0,23,2527,2580,2540,2599,11,21,0,3,6,22,13,17,10,8,18,24,5,14,25,0,3,2,13,25,35,8,14,23,18,3,53,59,-6,25.53333333333334,53.075,48.625000000000014,99.85869053226565,121.33676092544982,-21.47807039318417,83.1462140992167,76.17493472584857,46,17,0.3695652173913043,0.5238095238095238,0.0,0.2727272727272727,0.3956665096561469,0.056523787093735275,0.41450777202072536,0.32030146019783323,41,16,0.3902439024390244,0.56,0.0,0.15384615384615385,0.5141388174807197,0.06169665809768636,0.2673521850899742,0.7197943444730075,0.6,0.25806451612903225,0.7419354838709677,0.4666666666666667,0.18841262364578426,0.1645244215938303,0.10282776349614393,0.056523787093735275
Chris Chiozza,Egor Koulechov,Jalen Hudson,KeVaughn Allen,Kevarrius Hayes,2985,56672,50771,104,53,4135,4326,3889,4082,41,77,0,3,25,64,34,42,17,23,45,39,9,46,90,0,7,22,45,35,43,30,33,62,43,3,191,193,-2,98.35,154.94999999999993,152.42499999999993,123.26556953856087,126.61964900770877,-3.354079469147905,63.019827147941,61.99288256227756,144,66,0.4583333333333333,0.5324675324675324,0.0,0.390625,0.4969344949983868,0.01936108422071637,0.41303646337528255,0.2710551790900292,142,68,0.4788732394366197,0.5111111111111111,0.0,0.4888888888888889,0.5904543217976057,0.045924225028702664,0.29522716089880285,0.28210595374774494,0.5769230769230769,0.2804878048780488,0.7560975609756098,0.4230769230769231,0.10971281058405942,0.19681810726586854,0.05904543217976057,0.01936108422071637
Chris Chiozza,Egor Koulechov,Jalen Hudson,KeVaughn Allen,Mike Okauru,98,52,52,0,2,138,138,154,154,0,0,0,0,0,0,0,0,0,0,0,0,0,0,0,0,0,0,0,0,0,0,0,0,0,0,0,0,0,0.0,0.0,0.0,,,,,,0,0,,,,,,,,,0,0,,,,,,,,,,,,,,,,
Chris Chiozza,Egor Koulechov,Jalen Hudson,Keith Stone,Kevarrius Hayes,1425,23218,21213,47,29,1854,1918,1863,1921,14,31,0,2,5,17,21,29,9,13,19,12,5,11,21,0,4,7,13,15,20,14,4,21,22,4,64,58,6,33.416666666666664,57.77500000000001,53.50000000000001,110.77455646906098,108.41121495327101,2.363341515789969,69.15710723192022,64.03990024937657,50,19,0.38,0.45161290322580644,0.0,0.29411764705882354,0.5365642578970141,0.034617048896581556,0.29424491562094324,0.5019472090004325,38,18,0.47368421052631576,0.5238095238095238,0.0,0.5384615384615384,0.39252336448598124,0.07476635514018691,0.24299065420560745,0.3738317757009345,0.8444444444444444,0.37142857142857144,0.6,0.17777777777777778,0.155776720034617,0.2616822429906542,0.09345794392523363,0.06923409779316311
Chris Chiozza,Egor Koulechov,Jalen Hudson,Keith Stone,Mike Okauru,342,5716,4956,0,0,510,541,451,471,6,9,0,0,4,10,7,10,3,2,7,4,1,6,13,0,1,1,3,5,6,8,4,9,7,0,31,20,11,12.666666666666664,24.750000000000004,22.849999999999998,125.25252525252523,87.52735229759301,37.72517295493222,78.15789473684214,72.15789473684211,19,10,0.5263157894736842,0.6666666666666666,,0.4,0.3636363636363636,0.0,0.404040404040404,0.404040404040404,17,7,0.4117647058823529,0.46153846153846156,0.0,0.3333333333333333,0.5689277899343546,0.043763676148796504,0.1312910284463895,0.262582056892779,0.6666666666666666,0.19047619047619047,0.8571428571428571,0.38095238095238093,0.1212121212121212,0.35010940919037203,0.043763676148796504,0.0
Chris Chiozza,Egor Koulechov,Jalen Hudson,Kevarrius Hayes,Mike Okauru,230,5165,4829,12,5,310,320,304,313,2,4,0,0,1,4,3,7,1,0,7,1,1,2,8,0,0,1,3,2,2,0,1,8,3,0,10,9,1,5.6,12.325,10.95,81.13590263691684,82.19178082191782,-1.055878185000978,88.03571428571429,78.21428571428571,8,3,0.375,0.5,,0.25,0.32454361054766734,0.0,0.32454361054766734,0.5679513184584178,11,3,0.2727272727272727,0.25,,0.3333333333333333,0.7305936073059361,0.0,0.27397260273972607,0.18264840182648404,0.875,0.0,1.1428571428571428,0.125,0.08113590263691683,0.0,0.09132420091324202,0.0
Chris Chiozza,Egor Koulechov,KeVaughn Allen,Keith Stone,Kevarrius Hayes,1261,31299,28632,46,26,1694,1778,1646,1705,19,47,0,2,9,21,19,24,6,17,26,23,5,12,30,0,4,7,15,14,19,16,7,28,26,3,84,59,25,44.45000000000001,68.4,63.02500000000001,122.80701754385963,93.6136453788179,29.193372165041723,61.552305961754776,56.71541057367829,70,28,0.4,0.40425531914893614,0.0,0.42857142857142855,0.6871345029239766,0.029239766081871343,0.3070175438596491,0.3508771929824561,49,19,0.3877551020408163,0.4,0.0,0.4666666666666667,0.47600158667195547,0.0634668782229274,0.23800079333597773,0.30146767155890514,0.8,0.38202247191011235,0.6292134831460674,0.2153846153846154,0.08771929824561403,0.2538675128917096,0.07933359777865924,0.043859649122807015
Chris Chiozza,Egor Koulechov,KeVaughn Allen,Keith Stone,Mike Okauru,237,2690,2321,0,0,344,362,347,365,3,7,0,0,4,7,0,0,0,4,2,2,0,4,6,0,0,2,2,4,4,1,0,3,2,0,18,18,0,6.1499999999999995,10.0,10.899999999999999,180.0,165.13761467889913,14.862385321100874,65.04065040650407,70.89430894308943,14,7,0.5,0.42857142857142855,,0.5714285714285714,0.7,0.0,0.7,0.0,8,6,0.75,0.6666666666666666,,1.0,0.5504587155963303,0.0,0.1834862385321101,0.3669724770642202,1.0,0.5714285714285714,0.42857142857142855,0.0,0.0,0.09174311926605505,0.0,0.0
Chris Chiozza,Egor Koulechov,KeVaughn Allen,Kevarrius Hayes,Mike Okauru,330,5571,5143,11,4,490,502,425,432,1,5,0,0,3,7,1,2,1,0,9,8,1,1,7,0,1,1,4,2,5,2,2,8,1,0,12,7,5,7.133333333333333,13.95,13.374999999999998,86.02150537634408,52.33644859813084,33.68505677821324,78.22429906542057,74.99999999999999,12,4,0.3333333333333333,0.2,,0.42857142857142855,0.35842293906810035,0.0,0.5017921146953406,0.14336917562724016,12,2,0.16666666666666666,0.14285714285714285,0.0,0.25,0.5233644859813085,0.07476635514018692,0.2990654205607477,0.3738317757009346,0.782608695652174,0.0,0.9411764705882353,0.17391304347826086,0.07168458781362008,0.14953271028037385,0.07476635514018692,0.0
Chris Chiozza,Egor Koulechov,Keith Stone,Kevarrius Hayes,Mike Okauru,153,6462,6116,9,4,295,301,216,221,3,4,0,1,0,2,0,2,2,2,3,3,0,1,5,0,0,0,1,3,3,3,2,3,2,1,6,5,1,5.766666666666666,6.949999999999999,8.425,86.33093525179856,59.34718100890207,26.983754242896495,48.20809248554913,58.439306358381515,7,3,0.42857142857142855,0.75,0.0,0.0,0.5755395683453238,0.14388489208633096,0.2877697841726619,0.2877697841726619,6,1,0.16666666666666666,0.2,,0.0,0.5934718100890207,0.0,0.11869436201780414,0.35608308605341243,0.6,0.4,0.6,0.4,0.2877697841726619,0.35608308605341243,0.0,0.14388489208633096
Chris Chiozza,Egor Koulechov,Keith Stone,Kevaughn Allen,Jalen Hudson,0,1200,1044,0,0,0,12,0,5,1,1,0,0,3,4,1,2,0,0,2,1,0,2,4,0,0,0,0,1,2,1,0,1,1,0,12,5,7,2.6,5.95,5.95,201.68067226890756,84.03361344537815,117.6470588235294,91.53846153846153,91.53846153846153,5,4,0.8,1.0,,0.75,0.1680672268907563,0.0,0.6722689075630252,0.3361344537815126,4,2,0.5,0.5,,,0.6722689075630252,0.0,0.0,0.3361344537815126,0.8,0.0,0.6666666666666666,0.0,0.0,0.1680672268907563,0.0,0.0
Chris Chiozza,Egor Koulechov,Keith Stone,Kevaughn Allen,Kevarrius Hayes,0,1200,1096,0,0,0,0,0,4,0,0,0,0,0,1,0,0,2,0,1,0,0,2,2,0,0,0,1,0,0,0,0,1,1,0,0,4,-4,1.7333333333333334,3.0,3.0,0.0,133.33333333333331,-133.33333333333331,69.23076923076923,69.23076923076923,1,0,0.0,,,0.0,0.0,0.0,0.3333333333333333,0.0,3,2,0.6666666666666666,1.0,,0.0,0.6666666666666666,0.0,0.3333333333333333,0.0,1.0,0.0,1.0,0.0,0.6666666666666666,0.0,0.0,0.0
Chris Chiozza,Gorjok Gak,Jalen Hudson,KeVaughn Allen,Keith Stone,291,11945,11103,19,4,478,501,400,420,3,6,0,1,3,10,8,12,2,4,8,5,0,6,16,0,0,2,6,2,3,1,5,9,6,2,23,20,3,14.033333333333333,19.700000000000003,19.425,116.75126903553297,102.96010296010296,13.791166075430013,56.152019002375305,55.36817102137768,17,6,0.35294117647058826,0.5,0.0,0.3,0.3045685279187817,0.05076142131979695,0.5076142131979695,0.6091370558375634,22,8,0.36363636363636365,0.375,,0.3333333333333333,0.8236808236808236,0.0,0.3088803088803089,0.15444015444015444,0.5517241379310345,0.3076923076923077,0.6923076923076923,0.3448275862068966,0.1015228426395939,0.05148005148005148,0.0,0.1015228426395939
Chris Chiozza,Gorjok Gak,Jalen Hudson,KeVaughn Allen,Kevarrius Hayes,72,1503,1294,6,1,128,141,83,94,2,2,0,0,3,4,0,0,0,0,1,0,0,3,4,0,0,1,1,2,3,0,0,1,0,0,13,11,2,3.4833333333333334,6.0,6.425,216.66666666666666,171.20622568093387,45.46044098573279,68.89952153110048,73.77990430622009,6,5,0.8333333333333334,1.0,,0.75,0.3333333333333333,0.0,0.6666666666666666,0.0,5,4,0.8,0.75,,1.0,0.622568093385214,0.0,0.1556420233463035,0.4669260700389105,0.6666666666666666,0.0,1.0,0.0,0.0,0.0,0.0,0.0
Chris Chiozza,Gorjok Gak,Jalen Hudson,KeVaughn Allen,Mike Okauru,51,1352,1240,2,1,69,70,59,65,0,0,0,1,0,1,1,1,1,0,2,2,0,1,2,0,0,0,1,4,4,0,0,2,1,1,1,6,-5,1.8666666666666667,2.475,4.9,40.4040404040404,122.44897959183672,-82.04493918779632,53.03571428571429,105.0,2,0,0.0,,0.0,0.0,0.0,0.40404040404040403,0.40404040404040403,0.40404040404040403,3,1,0.3333333333333333,0.5,,0.0,0.4081632653061224,0.0,0.2040816326530612,0.8163265306122448,1.0,0.0,1.0,0.0,0.40404040404040403,0.0,0.0,0.40404040404040403
Chris Chiozza,Gorjok Gak,Jalen Hudson,Keith Stone,Mike Okauru,126,2290,2182,5,0,177,182,164,166,2,2,0,0,0,1,1,1,1,1,0,0,0,1,1,0,0,0,0,0,0,2,0,0,1,0,5,2,3,1.8,3.475,3.0,143.88489208633092,66.66666666666666,77.21822541966426,77.22222222222223,66.66666666666666,3,2,0.6666666666666666,1.0,,0.0,0.5755395683453237,0.0,0.28776978417266186,0.28776978417266186,1,1,1.0,1.0,,,0.3333333333333333,0.0,0.0,0.0,,1.0,0.0,,0.28776978417266186,0.6666666666666666,0.0,0.0
Chris Chiozza,Gorjok Gak,Jalen Hudson,Kevarrius Hayes,Mike Okauru,63,1538,1426,4,2,85,90,84,89,1,3,0,0,1,1,0,0,0,0,0,1,0,2,2,0,0,0,0,1,2,1,0,2,1,0,5,5,0,1.8666666666666667,4.0,3.95,125.0,126.58227848101265,-1.5822784810126507,85.71428571428571,84.64285714285715,4,2,0.5,0.3333333333333333,,1.0,0.75,0.0,0.25,0.0,2,2,1.0,1.0,,,0.5063291139240506,0.0,0.0,0.5063291139240506,0.0,0.0,1.0,0.0,0.0,0.2531645569620253,0.0,0.0
Chris Chiozza,Gorjok Gak,KeVaughn Allen,Keith Stone,Mike Okauru,172,2782,2680,6,2,206,210,186,192,0,0,0,1,1,3,1,2,0,1,0,0,0,3,3,0,0,0,0,0,0,0,0,2,1,1,4,6,-2,1.7,2.95,3.0,135.59322033898303,200.0,-64.40677966101697,69.41176470588235,70.58823529411765,4,1,0.25,,0.0,0.3333333333333333,0.0,0.3389830508474576,1.0169491525423728,0.6779661016949152,3,3,1.0,1.0,,,1.0,0.0,0.0,0.0,,0.2857142857142857,0.5714285714285714,,0.0,0.0,0.0,0.3389830508474576
Chris Chiozza,Jalen Hudson,KeVaughn Allen,Keith Stone,Kevarrius Hayes,1640,25872,23664,58,21,2260,2322,2342,2396,14,27,0,1,7,24,13,21,8,6,20,28,6,15,24,0,4,3,13,15,21,18,6,30,17,1,62,54,8,36.80000000000001,62.975000000000016,58.97500000000001,98.4517665740373,91.56422212802033,6.88754444601696,68.45108695652173,64.1032608695652,52,21,0.40384615384615385,0.5185185185185185,0.0,0.2916666666666667,0.42874156411274306,0.015879317189360854,0.38110361254466046,0.3334656609765779,41,18,0.43902439024390244,0.625,0.0,0.23076923076923078,0.40695209834675705,0.06782534972445951,0.2204323866044934,0.35608308605341243,0.7692307692307693,0.17142857142857143,0.8571428571428571,0.23076923076923078,0.12703453751488683,0.30521407376006776,0.10173802458668926,0.015879317189360854
Chris Chiozza,Jalen Hudson,KeVaughn Allen,Keith Stone,Mike Okauru,35,46,43,0,1,58,58,68,69,0,0,0,0,0,0,0,0,0,0,0,1,0,0,0,0,0,0,0,1,1,0,0,0,0,0,0,1,-1,0.05,0.0,0.475,,210.52631578947367,,0.0,379.99999999999994,0,0,,,,,,,,,0,0,,,,,0.0,0.0,0.0,2.1052631578947367,,,,,,0.0,0.0,
Chris Chiozza,Jalen Hudson,Keith Stone,Kevarrius Hayes,Mike Okauru,309,8011,7796,11,3,383,389,417,417,1,3,0,0,0,2,4,6,1,2,5,2,0,0,1,0,0,0,4,0,0,1,0,4,2,0,6,0,6,3.5833333333333335,6.85,6.0,87.59124087591242,0.0,87.59124087591242,76.46511627906976,66.9767441860465,5,1,0.2,0.3333333333333333,,0.0,0.43795620437956206,0.0,0.29197080291970806,0.8759124087591241,5,0,0.0,0.0,,0.0,0.16666666666666666,0.0,0.6666666666666666,0.0,1.0,0.4,0.8,0.0,0.14598540145985403,0.16666666666666666,0.0,0.0
Chris Chiozza,KeVaughn Allen,Keith Stone,Kevarrius Hayes,Mike Okauru,215,1808,1452,8,4,337,340,338,348,0,2,0,1,0,7,3,4,0,2,3,4,1,5,8,0,1,0,0,0,3,2,4,8,2,1,3,10,-7,5.933333333333333,8.9,7.424999999999999,33.70786516853933,134.6801346801347,-100.97226951159537,60.00000000000001,50.056179775280896,10,0,0.0,0.0,0.0,0.0,0.2247191011235955,0.11235955056179775,0.7865168539325842,0.449438202247191,9,5,0.5555555555555556,0.625,0.0,,1.0774410774410776,0.1346801346801347,0.0,0.4040404040404041,0.5454545454545454,0.19047619047619047,0.7619047619047619,0.7272727272727273,0.0,0.2693602693602694,0.1346801346801347,0.11235955056179775
Deaundrae Ballard,Dontay Bassett,Egor Koulechov,Jalen Hudson,KeVaughn Allen,83,1326,1173,2,0,70,72,72,78,1,3,0,0,0,1,0,0,0,0,2,1,0,3,5,0,0,0,0,0,0,0,0,3,0,0,2,6,-4,2.55,4.0,5.0,50.0,120.0,-70.0,62.74509803921569,78.43137254901961,4,1,0.25,0.3333333333333333,,0.0,0.75,0.0,0.25,0.0,5,3,0.6,0.6,,,1.0,0.0,0.0,0.0,1.0,0.0,1.0,0.0,0.0,0.0,0.0,0.0
Deaundrae Ballard,Dontay Bassett,Gorjok Gak,KeVaughn Allen,Mike Okauru,62,154,0,2,0,61,65,36,41,2,2,0,0,0,1,0,0,1,1,2,2,1,0,2,0,1,0,1,5,5,0,1,0,0,0,4,5,-1,2.566666666666667,3.0,4.375,133.33333333333331,114.28571428571428,19.047619047619037,46.75324675324675,68.18181818181817,3,2,0.6666666666666666,1.0,,0.0,0.6666666666666666,0.0,0.3333333333333333,0.0,4,0,0.0,0.0,0.0,0.0,0.45714285714285713,0.22857142857142856,0.22857142857142856,1.1428571428571428,0.5,1.0,0.0,0.25,0.3333333333333333,0.0,0.22857142857142856,0.0
Deaundrae Ballard,Dontay Bassett,Jalen Hudson,KeVaughn Allen,Mike Okauru,61,177,154,1,0,61,61,36,36,0,0,0,0,0,1,0,0,0,0,0,0,0,0,0,0,0,0,0,0,0,0,0,1,0,0,0,0,0,0.38333333333333336,1.0,0.0,0.0,,,104.34782608695653,0.0,1,0,0.0,,,0.0,0.0,0.0,1.0,0.0,0,0,,,,,,,,,,0.0,1.0,,0.0,,,0.0
Deaundrae Ballard,Dontay Bassett,Jalen Hudson,Keith Stone,Mike Okauru,37,26,0,1,1,60,60,72,72,0,0,0,0,0,0,0,0,0,0,0,0,0,0,0,0,0,0,0,0,0,0,0,0,0,0,0,0,0,0.43333333333333335,0.0,0.0,,,,0.0,0.0,0,0,,,,,,,,,0,0,,,,,,,,,,,,,,,,
Deaundrae Ballard,Dontay Bassett,KeVaughn Allen,Keith Stone,Mike Okauru,145,4280,4082,5,4,377,386,262,266,2,4,0,0,1,1,2,2,0,1,1,2,0,1,2,0,0,0,1,2,2,2,1,1,2,0,9,4,5,3.3,4.95,4.95,181.8181818181818,80.8080808080808,101.01010101010101,60.00000000000001,60.00000000000001,5,3,0.6,0.5,,1.0,0.8080808080808081,0.0,0.20202020202020202,0.40404040404040403,3,1,0.3333333333333333,0.5,,0.0,0.40404040404040403,0.0,0.20202020202020202,0.40404040404040403,0.5,0.5,0.5,0.5,0.0,0.40404040404040403,0.0,0.0
Deaundrae Ballard,Egor Koulechov,Gorjok Gak,Jalen Hudson,KeVaughn Allen,46,6557,6346,8,3,126,133,88,93,2,2,0,0,1,5,0,0,1,0,4,1,0,1,3,0,0,1,3,0,0,2,0,4,2,0,7,5,2,3.5166666666666666,8.0,8.0,87.5,62.5,25.0,90.99526066350711,90.99526066350711,7,3,0.42857142857142855,1.0,,0.2,0.25,0.0,0.625,0.0,6,2,0.3333333333333333,0.3333333333333333,,0.3333333333333333,0.375,0.0,0.375,0.0,1.0,0.0,1.0,0.0,0.125,0.25,0.0,0.0
Deaundrae Ballard,Egor Koulechov,Gorjok Gak,Jalen Hudson,Mike Okauru,17,384,290,1,0,22,24,18,20,1,2,0,0,0,0,0,1,0,0,1,0,0,1,1,0,0,0,2,0,0,0,1,2,0,0,2,2,0,1.5666666666666667,2.475,2.0,80.8080808080808,100.0,-19.191919191919197,63.191489361702125,51.06382978723404,2,1,0.5,0.5,,,0.8080808080808081,0.0,0.0,0.40404040404040403,3,1,0.3333333333333333,1.0,,0.0,0.5,0.0,1.0,0.0,0.5,0.0,1.3333333333333333,0.5,0.0,0.0,0.0,0.0
Deaundrae Ballard,Egor Koulechov,Gorjok Gak,KeVaughn Allen,Keith Stone,30,1197,1068,3,2,69,73,58,68,1,1,0,0,0,2,2,2,0,0,1,2,0,0,0,0,0,3,3,1,2,0,0,2,1,0,4,10,-6,2.15,3.95,3.95,101.26582278481011,253.1645569620253,-151.8987341772152,73.48837209302326,73.48837209302326,3,1,0.3333333333333333,1.0,,0.0,0.2531645569620253,0.0,0.5063291139240506,0.5063291139240506,3,3,1.0,,,1.0,0.0,0.0,0.7594936708860759,0.5063291139240506,2.0,0.0,1.0,0.0,0.0,0.0,0.0,0.0
Deaundrae Ballard,Egor Koulechov,Gorjok Gak,KeVaughn Allen,Mike Okauru,64,3192,3011,5,5,68,73,50,52,1,4,0,0,0,2,3,4,1,3,2,0,0,1,2,0,0,0,1,0,0,1,0,2,3,1,5,2,3,3.0166666666666666,5.9,4.0,84.7457627118644,50.0,34.7457627118644,78.23204419889504,53.03867403314917,6,1,0.16666666666666666,0.25,,0.0,0.6779661016949152,0.0,0.3389830508474576,0.6779661016949152,3,1,0.3333333333333333,0.5,,0.0,0.5,0.0,0.25,0.0,1.0,0.5454545454545454,0.36363636363636365,0.0,0.1694915254237288,0.25,0.0,0.1694915254237288
Deaundrae Ballard,Egor Koulechov,Jalen Hudson,KeVaughn Allen,Kevarrius Hayes,233,4511,4084,12,4,291,303,250,266,1,12,0,0,1,3,7,11,0,7,2,2,0,3,7,0,0,2,2,4,5,4,2,8,5,0,12,16,-4,7.116666666666668,13.225,13.375,90.73724007561437,119.62616822429905,-28.888928148684684,74.33255269320841,75.17564402810302,15,2,0.13333333333333333,0.08333333333333333,,0.3333333333333333,0.9073724007561437,0.0,0.22684310018903592,0.8317580340264651,9,5,0.5555555555555556,0.42857142857142855,,1.0,0.5233644859813084,0.0,0.14953271028037382,0.37383177570093457,0.4444444444444444,0.4666666666666667,0.5333333333333333,0.4444444444444444,0.0,0.29906542056074764,0.0,0.0
Deaundrae Ballard,Egor Koulechov,Jalen Hudson,Keith Stone,Mike Okauru,125,1816,1630,0,1,151,160,163,166,3,4,0,0,1,2,0,0,0,1,2,1,0,0,1,0,0,1,2,0,0,2,0,1,1,1,9,3,6,3.0999999999999996,5.0,5.0,180.0,60.0,120.0,64.51612903225806,64.51612903225806,6,4,0.6666666666666666,0.75,,0.5,0.8,0.0,0.4,0.0,3,1,0.3333333333333333,0.0,,0.5,0.2,0.0,0.4,0.0,1.0,0.5,0.5,0.0,0.0,0.4,0.0,0.2
Deaundrae Ballard,Egor Koulechov,Jalen Hudson,Kevarrius Hayes,Mike Okauru,18,290,268,1,0,24,25,20,20,0,0,0,0,0,0,1,1,0,0,1,0,0,0,0,0,0,0,1,0,0,0,0,0,1,0,1,0,1,0.36666666666666664,0.475,1.0,210.52631578947367,0.0,210.52631578947367,51.81818181818181,109.0909090909091,0,0,,,,,0.0,0.0,0.0,2.1052631578947367,1,0,0.0,,,0.0,0.0,0.0,1.0,0.0,1.0,,,0.0,0.0,0.0,0.0,0.0
Deaundrae Ballard,Egor Koulechov,KeVaughn Allen,Keith Stone,Kevarrius Hayes,81,2189,1808,6,2,160,166,139,146,0,2,0,0,2,4,0,2,5,2,5,5,1,3,10,0,1,0,1,1,1,1,4,3,4,1,6,7,-1,6.35,9.95,8.475,60.30150753768845,82.59587020648968,-22.294362668801227,62.677165354330704,53.38582677165355,6,2,0.3333333333333333,0.0,,0.5,0.20100502512562815,0.0,0.4020100502512563,0.20100502512562815,12,3,0.25,0.3,0.0,0.0,1.1799410029498525,0.11799410029498525,0.11799410029498525,0.11799410029498525,0.5555555555555556,0.4,0.6,0.4444444444444444,0.5025125628140704,0.11799410029498525,0.11799410029498525,0.10050251256281408
Deaundrae Ballard,Egor Koulechov,Keith Stone,Kevarrius Hayes,Chris Chiozza,0,1200,1042,0,0,0,4,0,5,2,3,0,0,0,1,0,0,2,2,0,0,0,1,1,0,0,1,1,0,0,2,0,0,0,0,4,5,-1,2.6333333333333333,4.0,4.0,100.0,125.0,-25.0,60.75949367088608,60.75949367088608,4,2,0.5,0.6666666666666666,,0.0,0.75,0.0,0.25,0.0,2,2,1.0,1.0,,1.0,0.25,0.0,0.25,0.0,,1.0,0.0,,0.5,0.5,0.0,0.0
Deaundrae Ballard,Gorjok Gak,Jalen Hudson,KeVaughn Allen,Keith Stone,83,1231,1051,2,1,113,118,100,104,1,4,0,0,1,1,0,0,1,1,1,0,0,2,3,0,0,0,0,0,0,2,0,2,0,0,5,4,1,3.0,5.0,5.0,100.0,80.0,20.0,66.66666666666667,66.66666666666667,5,2,0.4,0.25,,1.0,0.8,0.0,0.2,0.0,3,2,0.6666666666666666,0.6666666666666666,,,0.6,0.0,0.0,0.0,1.0,0.3333333333333333,0.6666666666666666,0.0,0.2,0.4,0.0,0.0
Deaundrae Ballard,Gorjok Gak,Jalen Hudson,KeVaughn Allen,Kevarrius Hayes,31,907,808,2,1,41,42,35,38,0,1,0,0,0,1,1,2,2,1,2,1,1,0,0,0,1,1,2,0,0,1,0,2,1,0,1,3,-2,1.65,3.95,3.0,25.316455696202528,100.0,-74.68354430379748,95.75757575757576,72.72727272727273,2,0,0.0,0.0,,0.0,0.2531645569620253,0.0,0.2531645569620253,0.5063291139240506,3,1,0.3333333333333333,,0.0,0.5,0.0,0.3333333333333333,0.6666666666666666,0.0,1.0,0.4,0.8,0.0,0.5063291139240506,0.3333333333333333,0.3333333333333333,0.0
Deaundrae Ballard,Gorjok Gak,Jalen Hudson,KeVaughn Allen,Mike Okauru,5,801,792,1,0,8,8,15,17,0,0,0,0,0,0,0,0,0,0,0,1,0,1,2,0,0,0,0,0,0,0,1,0,0,0,0,2,-2,0.15,0.0,1.0,,200.0,,0.0,266.6666666666667,0,0,,,,,,,,,2,1,0.5,0.5,,,2.0,0.0,0.0,0.0,0.0,,,1.0,,0.0,0.0,
Deaundrae Ballard,Gorjok Gak,Jalen Hudson,Kevarrius Hayes,Mike Okauru,27,918,904,4,1,34,34,54,54,0,0,0,0,0,0,0,0,0,0,0,1,0,0,0,0,0,0,0,0,0,0,0,0,0,0,0,0,0,0.23333333333333334,0.0,0.0,,,,0.0,0.0,0,0,,,,,,,,,0,0,,,,,,,,,,,,,,,,
Deaundrae Ballard,Gorjok Gak,KeVaughn Allen,Keith Stone,Mike Okauru,134,6463,6141,9,6,118,122,140,154,2,3,0,2,0,1,0,0,4,0,3,3,0,5,7,0,0,1,3,1,1,1,1,4,4,2,4,14,-10,5.366666666666667,8.0,10.475,50.0,133.65155131264916,-83.65155131264916,59.62732919254658,78.07453416149067,6,2,0.3333333333333333,0.6666666666666666,0.0,0.0,0.375,0.25,0.125,0.0,10,6,0.6,0.7142857142857143,,0.3333333333333333,0.6682577565632458,0.0,0.2863961813842482,0.0954653937947494,0.75,0.0,1.0,0.25,0.5,0.0954653937947494,0.0,0.25
Deaundrae Ballard,Jalen Hudson,KeVaughn Allen,Keith Stone,Kevarrius Hayes,55,2938,2768,4,1,84,86,72,76,1,3,0,0,0,0,0,0,1,0,0,2,0,2,3,0,0,0,0,0,0,1,1,2,1,0,2,4,-2,2.8333333333333335,4.0,3.0,50.0,133.33333333333331,-83.33333333333331,56.470588235294116,42.35294117647059,3,1,0.3333333333333333,0.3333333333333333,,,0.75,0.0,0.0,0.0,3,2,0.6666666666666666,0.6666666666666666,,,1.0,0.0,0.0,0.0,0.0,0.0,1.0,1.0,0.25,0.3333333333333333,0.0,0.0
Deaundrae Ballard,Jalen Hudson,Keith Stone,Kevarrius Hayes,Mike Okauru,38,2596,2462,4,0,74,76,58,60,1,3,0,0,0,2,0,1,0,2,2,0,0,1,3,0,0,0,0,0,0,0,0,3,2,0,2,2,0,2.2333333333333334,3.4749999999999996,3.0,57.553956834532386,66.66666666666666,-9.112709832134271,62.23880597014925,53.731343283582085,5,1,0.2,0.3333333333333333,,0.0,0.8633093525179857,0.0,0.5755395683453238,0.2877697841726619,3,1,0.3333333333333333,0.3333333333333333,,,1.0,0.0,0.0,0.0,1.0,0.4444444444444444,0.6666666666666666,0.0,0.0,0.0,0.0,0.0
Deaundrae Ballard,KeVaughn Allen,Keith Stone,Kevarrius Hayes,Mike Okauru,109,3899,3679,5,1,183,183,150,154,0,1,0,1,0,5,0,0,2,2,1,0,0,2,2,0,0,0,1,0,0,2,0,5,0,1,0,4,-4,3.6666666666666665,6.0,5.0,0.0,80.0,-80.0,65.45454545454545,54.54545454545455,7,0,0.0,0.0,0.0,0.0,0.16666666666666666,0.16666666666666666,0.8333333333333334,0.0,3,2,0.6666666666666666,1.0,,0.0,0.4,0.0,0.2,0.0,1.0,0.2857142857142857,0.7142857142857143,0.0,0.3333333333333333,0.4,0.0,0.16666666666666666
Dontay Bassett,Egor Koulechov,Jalen Hudson,KeVaughn Allen,Keith Stone,225,2138,1942,5,3,223,231,156,161,2,3,0,1,1,1,1,1,1,1,2,2,0,2,3,0,0,0,0,1,3,0,0,1,0,1,8,5,3,3.2666666666666666,4.475,4.425,178.77094972067042,112.99435028248588,65.77659943818453,54.79591836734693,54.183673469387756,5,3,0.6,0.6666666666666666,0.0,1.0,0.670391061452514,0.223463687150838,0.223463687150838,0.223463687150838,3,2,0.6666666666666666,0.6666666666666666,,,0.6779661016949153,0.0,0.0,0.6779661016949153,1.0,0.5,0.5,0.0,0.223463687150838,0.0,0.0,0.223463687150838
Dontay Bassett,Egor Koulechov,Jalen Hudson,KeVaughn Allen,Mike Okauru,38,2643,2490,4,2,66,69,74,78,1,2,0,0,0,1,1,2,1,0,1,2,0,2,3,0,0,0,1,0,0,2,1,2,0,1,3,4,-1,2.55,4.95,5.0,60.60606060606061,80.0,-19.39393939393939,77.64705882352942,78.43137254901961,3,1,0.3333333333333333,0.5,,0.0,0.40404040404040403,0.0,0.20202020202020202,0.40404040404040403,4,2,0.5,0.6666666666666666,,0.0,0.6,0.0,0.2,0.0,0.5,0.0,0.8,0.5,0.20202020202020202,0.4,0.0,0.20202020202020202
Dontay Bassett,Egor Koulechov,Jalen Hudson,Keith Stone,Mike Okauru,37,1244,1200,2,1,116,116,75,78,0,0,0,0,0,0,0,0,1,0,0,0,0,0,0,0,0,1,1,0,0,0,0,0,0,0,0,3,-3,0.7333333333333333,1.0,1.0,0.0,300.0,-300.0,54.54545454545455,54.54545454545455,0,0,,,,,0.0,0.0,0.0,0.0,1,1,1.0,,,1.0,0.0,0.0,1.0,0.0,,,,,1.0,0.0,0.0,0.0
Dontay Bassett,Egor Koulechov,KeVaughn Allen,Keith Stone,Mike Okauru,129,2258,2006,6,0,159,166,96,102,3,3,0,1,0,0,1,2,1,1,2,4,0,3,3,0,0,0,2,0,2,1,1,1,1,1,7,6,1,4.2,3.95,5.95,177.2151898734177,100.84033613445378,76.37485373896392,37.61904761904762,56.66666666666667,4,3,0.75,1.0,0.0,,0.7594936708860759,0.2531645569620253,0.0,0.5063291139240506,5,3,0.6,1.0,,0.0,0.5042016806722689,0.0,0.3361344537815126,0.3361344537815126,0.6666666666666666,0.6666666666666666,0.6666666666666666,0.3333333333333333,0.2531645569620253,0.1680672268907563,0.0,0.2531645569620253
Dontay Bassett,Gorjok Gak,Jalen Hudson,KeVaughn Allen,Mike Okauru,95,226,113,4,0,150,150,116,118,0,0,0,0,0,0,0,0,2,0,2,0,0,1,2,0,0,0,1,0,0,0,0,0,0,0,0,2,-2,1.8833333333333333,2.0,3.0,0.0,66.66666666666666,-66.66666666666666,42.47787610619469,63.716814159292035,0,0,,,,,0.0,0.0,0.0,0.0,3,1,0.3333333333333333,0.5,,0.0,0.6666666666666666,0.0,0.3333333333333333,0.0,1.0,,,0.0,1.0,0.0,0.0,0.0
Egor Koulechov,Gorjok Gak,Jalen Hudson,KeVaughn Allen,Kevarrius Hayes,30,1032,907,2,1,37,41,33,35,2,3,0,0,0,1,0,0,0,0,1,1,0,1,2,0,0,0,0,0,0,1,0,2,0,0,4,2,2,2.0833333333333335,4.0,3.0,100.0,66.66666666666666,33.33333333333334,76.8,57.599999999999994,4,2,0.5,0.6666666666666666,,0.0,0.75,0.0,0.25,0.0,2,1,0.5,0.5,,,0.6666666666666666,0.0,0.0,0.0,1.0,0.0,1.0,0.0,0.0,0.3333333333333333,0.0,0.0
Egor Koulechov,Gorjok Gak,Jalen Hudson,KeVaughn Allen,Mike Okauru,166,5177,4773,9,5,251,271,238,251,2,5,0,0,4,7,4,6,1,0,5,4,1,4,8,0,1,1,2,2,2,4,1,7,2,0,20,13,7,6.733333333333333,15.85,13.95,126.18296529968454,93.1899641577061,32.99300114197844,94.15841584158416,82.87128712871286,12,6,0.5,0.4,,0.5714285714285714,0.31545741324921134,0.0,0.44164037854889593,0.37854889589905366,11,5,0.45454545454545453,0.5,0.0,0.5,0.5734767025089607,0.07168458781362008,0.14336917562724016,0.14336917562724016,0.8333333333333334,0.0,1.0,0.16666666666666666,0.06309148264984227,0.28673835125448033,0.07168458781362008,0.0
Egor Koulechov,Jalen Hudson,KeVaughn Allen,Keith Stone,Chris Chiozza,0,1200,970,0,0,0,2,0,8,0,1,0,1,0,0,2,2,3,1,0,0,0,1,1,0,0,2,3,0,0,3,1,1,2,1,2,8,-6,3.8333333333333335,3.95,6.0,50.632911392405056,133.33333333333331,-82.70042194092827,41.21739130434783,62.60869565217391,2,0,0.0,0.0,0.0,,0.2531645569620253,0.2531645569620253,0.0,0.5063291139240506,4,3,0.75,1.0,,0.6666666666666666,0.16666666666666666,0.0,0.5,0.0,0.0,0.5,0.5,1.0,0.7594936708860759,0.5,0.0,0.2531645569620253
Egor Koulechov,Jalen Hudson,KeVaughn Allen,Keith Stone,Kevarrius Hayes,484,8955,8042,17,11,671,688,635,660,8,15,0,0,0,9,1,2,4,9,9,8,0,4,6,0,0,5,12,2,4,1,1,8,3,0,17,25,-8,15.216666666666667,19.95,19.9,85.21303258145365,125.6281407035176,-40.415108122063955,52.44249726177437,52.31106243154436,24,8,0.3333333333333333,0.5333333333333333,,0.0,0.7518796992481204,0.0,0.4511278195488722,0.10025062656641605,18,9,0.5,0.6666666666666666,,0.4166666666666667,0.30150753768844224,0.0,0.6030150753768845,0.20100502512562815,0.9,0.5454545454545454,0.48484848484848486,0.1,0.2005012531328321,0.05025125628140704,0.0,0.0
Egor Koulechov,Jalen Hudson,KeVaughn Allen,Keith Stone,Mike Okauru,330,5854,5389,0,4,599,615,502,517,4,10,0,0,2,2,2,2,0,1,3,2,0,6,9,0,0,1,5,0,0,2,4,5,4,0,16,15,1,7.75,11.95,12.0,133.89121338912136,125.0,8.891213389121361,61.677419354838705,61.935483870967744,12,6,0.5,0.4,,1.0,0.8368200836820084,0.0,0.1673640167364017,0.1673640167364017,14,7,0.5,0.6666666666666666,,0.2,0.75,0.0,0.4166666666666667,0.0,0.42857142857142855,0.16666666666666666,0.8333333333333334,0.5714285714285714,0.0,0.16666666666666666,0.0,0.0
Egor Koulechov,Jalen Hudson,KeVaughn Allen,Kevarrius Hayes,Mike Okauru,148,2707,2501,5,3,206,212,147,157,2,2,0,0,0,1,2,3,1,0,0,3,0,2,3,0,0,1,1,3,4,2,1,1,2,0,6,10,-4,3.433333333333333,5.425,6.9,110.59907834101384,144.92753623188406,-34.328457890870226,63.20388349514563,80.38834951456312,3,2,0.6666666666666666,1.0,,0.0,0.3686635944700461,0.0,0.18433179723502305,0.5529953917050692,4,3,0.75,0.6666666666666666,,1.0,0.43478260869565216,0.0,0.14492753623188406,0.5797101449275363,0.0,0.0,0.6666666666666666,0.6666666666666666,0.18433179723502305,0.2898550724637681,0.0,0.0
Egor Koulechov,KeVaughn Allen,Keith Stone,Kevarrius Hayes,Mike Okauru,120,3661,3511,6,4,212,214,163,167,1,3,0,0,0,1,0,2,3,3,1,2,0,1,1,0,0,0,1,2,2,2,0,1,2,0,2,4,-2,2.5,4.95,4.95,40.4040404040404,80.8080808080808,-40.4040404040404,79.2,79.2,4,1,0.25,0.3333333333333333,,0.0,0.6060606060606061,0.0,0.20202020202020202,0.40404040404040403,2,1,0.5,1.0,,0.0,0.20202020202020202,0.0,0.20202020202020202,0.40404040404040403,1.0,0.75,0.25,0.0,0.6060606060606061,0.40404040404040403,0.0,0.0
Gorjok Gak,Jalen Hudson,KeVaughn Allen,Keith Stone,Mike Okauru,197,10225,9499,14,4,336,362,281,301,9,14,0,0,2,6,2,3,3,3,8,3,1,8,13,0,0,0,5,4,7,5,4,7,4,0,26,20,6,12.1,21.425,22.325,121.35355892648774,89.58566629339306,31.767892633094675,70.82644628099173,73.80165289256199,20,11,0.55,0.6428571428571429,,0.3333333333333333,0.6534422403733956,0.0,0.28004667444574094,0.14002333722287047,18,8,0.4444444444444444,0.6153846153846154,,0.0,0.5823068309070549,0.0,0.22396416573348266,0.3135498320268757,0.6956521739130435,0.3157894736842105,0.7368421052631579,0.34782608695652173,0.14002333722287047,0.22396416573348266,0.04479283314669653,0.0
Gorjok Gak,Jalen Hudson,KeVaughn Allen,Kevarrius Hayes,Mike Okauru,30,841,816,2,1,40,40,40,40,0,1,0,0,0,0,0,0,0,1,0,0,0,0,0,0,0,0,0,0,0,1,0,0,0,1,0,0,0,0.4166666666666667,0.0,1.0,,0.0,,0.0,96.0,1,0,0.0,0.0,,,inf,,,,0,0,,,,,0.0,0.0,0.0,0.0,,1.0,0.0,,,1.0,0.0,inf
Jalen Hudson,KeVaughn Allen,Keith Stone,Kevarrius Hayes,Mike Okauru,468,8647,7863,15,8,629,640,503,535,3,7,0,2,1,8,2,3,5,2,3,8,2,7,9,0,2,3,8,9,11,3,6,11,5,2,11,32,-21,13.066666666666666,19.425,19.224999999999998,56.62805662805662,166.44993498049416,-109.82187835243755,59.46428571428572,58.85204081632652,17,4,0.23529411764705882,0.42857142857142855,0.0,0.125,0.36036036036036034,0.10296010296010295,0.4118404118404118,0.15444015444015444,19,10,0.5263157894736842,0.7777777777777778,0.0,0.375,0.46814044213263983,0.10403120936280885,0.4161248374512354,0.5721716514954487,0.3,0.14814814814814814,0.8148148148148148,0.6,0.2574002574002574,0.15604681404421328,0.10403120936280885,0.10296010296010295
